Codon,P. gallinaceum 8A,P. relictumSGS1-like,P. gaboniSY75,P. adleriG01,P. billcolinsiG01,P. billcolinsiG01,P. reichenowiCDC,P. praefalciparumG01,P. falciparum3D7,Hepatocistys sp.,P. yoeliiyoelii17X,P. vinckeivinckei,P. chabaudichabaudi,P. bergheiANKA,P. malariaeUG01,P. malariae-like GA01,P. ovale walkeri CR01,P. ovale curtisiG01,P. gonderi v.2,P. fragile nilgiri,P. coatneyiHackeri,P. knowlesiH,P. inui San Antonio 1,P. cynomolgi+F1M,P. vivaxP01,P. vivax-like
CCG,0.129,0.14,0.105,0.095,0.168,0.188,0.18,0.178,0.178,0.182,0.189,0.164,0.159,0.212,0.431,0.424,0.379,0.229,0.327,0.555,0.65,0.569,0.703,0.661,0.783,0.792
AUC,0.128,0.14,0.178,0.178,0.189,0.19,0.199,0.204,0.205,0.221,0.191,0.185,0.198,0.166,0.335,0.365,0.25,0.26,0.374,0.717,0.767,0.679,0.919,0.817,0.974,0.979
GUC,0.147,0.178,0.259,0.253,0.237,0.226,0.245,0.251,0.252,0.297,0.259,0.254,0.281,0.21,0.393,0.423,0.301,0.371,0.397,0.636,0.755,0.719,0.927,0.762,0.836,0.834
GGC,0.142,0.218,0.182,0.15,0.154,0.148,0.163,0.162,0.161,0.33,0.304,0.3,0.295,0.255,0.43,0.52,0.389,0.399,0.332,0.623,0.682,0.749,0.852,0.776,1.042,1.045
GCG,0.128,0.138,0.124,0.115,0.149,0.168,0.181,0.178,0.182,0.193,0.203,0.179,0.154,0.244,0.541,0.601,0.41,0.5,0.334,0.783,0.813,0.826,0.95,0.926,1.146,1.15
UUC,0.217,0.235,0.301,0.304,0.31,0.309,0.323,0.321,0.321,0.256,0.239,0.224,0.236,0.199,0.455,0.43,0.381,0.481,0.512,0.838,0.866,0.788,0.904,0.82,0.941,0.941
GAG,0.222,0.235,0.266,0.266,0.273,0.27,0.284,0.28,0.28,0.277,0.239,0.237,0.279,0.277,0.523,0.563,0.465,0.475,0.444,0.751,0.792,0.792,0.879,0.851,0.994,0.997
CGG,0.145,0.137,0.114,0.108,0.154,0.165,0.164,0.164,0.167,0.265,0.295,0.269,0.296,0.254,0.588,0.608,0.482,0.542,0.47,0.841,1.022,0.854,0.996,0.958,1.222,1.22
UCG,0.159,0.173,0.225,0.21,0.238,0.255,0.292,0.302,0.302,0.377,0.359,0.31,0.319,0.401,0.626,0.455,0.511,0.531,0.474,0.73,0.827,0.761,0.913,0.916,0.994,0.99
GAC,0.218,0.234,0.236,0.226,0.241,0.222,0.249,0.25,0.25,0.348,0.317,0.297,0.34,0.407,0.594,0.594,0.48,0.52,0.514,0.82,1.001,0.98,1.025,0.973,1.117,1.112
AAG,0.254,0.279,0.338,0.337,0.364,0.365,0.369,0.363,0.363,0.291,0.242,0.223,0.265,0.224,0.587,0.677,0.497,0.547,0.542,0.871,0.91,0.863,0.944,0.871,1.005,1.002
AAC,0.261,0.27,0.233,0.226,0.255,0.261,0.267,0.267,0.268,0.333,0.316,0.295,0.312,0.457,0.63,0.63,0.509,0.609,0.565,0.881,0.991,0.891,0.98,0.959,1.089,1.089
CAG,0.284,0.31,0.25,0.257,0.281,0.287,0.271,0.265,0.264,0.247,0.235,0.215,0.225,0.308,0.694,0.704,0.603,0.673,0.626,0.933,1.025,0.946,1.092,1.021,1.15,1.151
CGC,0.346,0.403,0.212,0.201,0.251,0.259,0.237,0.226,0.23,0.24,0.293,0.239,0.237,0.25,0.72,0.72,0.518,0.608,0.485,0.977,0.944,1.13,1.042,1.071,1.329,1.328
ACG,0.205,0.212,0.241,0.232,0.306,0.333,0.354,0.363,0.363,0.275,0.243,0.222,0.206,0.311,0.654,0.654,0.568,0.618,0.538,0.931,1.116,0.951,1.103,1.067,1.273,1.269
UAC,0.265,0.287,0.164,0.164,0.195,0.202,0.205,0.203,0.203,0.265,0.245,0.222,0.256,0.312,0.692,0.702,0.52,0.59,0.638,1.08,1.18,1.104,1.175,1.152,1.316,1.311
CAC,0.274,0.299,0.255,0.243,0.255,0.277,0.275,0.275,0.275,0.344,0.33,0.319,0.321,0.331,0.612,0.682,0.459,0.469,0.601,0.984,1.125,1.056,1.119,1.094,1.272,1.274
CUC,0.226,0.241,0.357,0.358,0.359,0.356,0.37,0.389,0.384,0.355,0.337,0.328,0.334,0.253,0.648,0.658,0.441,0.471,0.606,0.963,0.976,1.016,1.079,1.015,1.169,1.171
UUG,0.284,0.304,0.305,0.303,0.325,0.33,0.33,0.333,0.333,0.349,0.366,0.339,0.331,0.335,0.644,0.654,0.489,0.499,0.691,1.041,1.079,1.051,1.083,1.076,1.199,1.202
AGG,0.259,0.28,0.329,0.317,0.37,0.375,0.398,0.404,0.402,0.357,0.353,0.292,0.333,0.355,0.659,0.689,0.604,0.664,0.564,0.969,1.068,1.015,1.021,1.023,1.208,1.209
GCC,0.229,0.241,0.364,0.334,0.37,0.354,0.393,0.41,0.409,0.419,0.375,0.372,0.404,0.302,0.56,0.58,0.422,0.432,0.523,1.052,1.14,1.05,1.177,1.061,1.307,1.297
UGC,0.434,0.544,0.228,0.219,0.237,0.253,0.231,0.236,0.233,0.5,0.511,0.4,0.461,0.238,0.69,0.56,0.564,0.664,0.622,0.981,1.083,1.002,1.144,1.082,1.351,1.357
AGC,0.341,0.385,0.297,0.291,0.308,0.328,0.327,0.329,0.331,0.524,0.504,0.495,0.458,0.308,0.729,0.729,0.596,0.676,0.661,0.949,1.029,1.041,1.136,1.089,1.301,1.302
ACC,0.258,0.263,0.381,0.365,0.402,0.402,0.453,0.467,0.468,0.427,0.349,0.359,0.394,0.311,0.662,0.602,0.503,0.573,0.593,1.084,1.211,1.132,1.204,1.148,1.42,1.422
GGG,0.325,0.387,0.299,0.298,0.351,0.367,0.39,0.395,0.399,0.537,0.597,0.518,0.547,0.351,0.735,0.755,0.659,0.749,0.676,1.013,1.224,1.106,1.197,1.175,1.423,1.419
CUG,0.277,0.314,0.289,0.291,0.34,0.336,0.319,0.308,0.312,0.31,0.291,0.259,0.256,0.431,0.777,0.847,0.724,0.764,0.769,1.176,1.381,1.302,1.371,1.342,1.577,1.577
CCC,0.235,0.302,0.307,0.305,0.349,0.365,0.381,0.382,0.377,0.446,0.424,0.395,0.416,0.312,0.783,0.773,0.547,0.647,0.686,1.231,1.401,1.303,1.404,1.385,1.717,1.712
GUG,0.318,0.322,0.424,0.41,0.422,0.447,0.448,0.458,0.456,0.379,0.391,0.385,0.348,0.385,0.784,0.784,0.673,0.723,0.868,1.345,1.479,1.481,1.459,1.464,1.71,1.712
UCC,0.316,0.331,0.404,0.395,0.456,0.452,0.51,0.532,0.529,0.469,0.391,0.353,0.413,0.363,0.833,0.823,0.682,0.692,0.785,1.415,1.598,1.432,1.55,1.43,1.69,1.696
ACU,1.486,1.541,1.125,1.123,1.098,1.083,1.039,1.015,1.014,1.187,1.243,1.21,1.243,1.377,0.98,0.98,1.162,1.212,1.004,0.726,0.608,0.69,0.66,0.694,0.533,0.531
AUU,1.375,1.361,1.172,1.174,1.176,1.182,1.179,1.177,1.176,1.219,1.237,1.235,1.231,1.235,1.28,1.29,1.289,1.369,1.328,1.225,1.199,1.281,1.124,1.183,1.139,1.134
GGU,1.4,1.315,1.642,1.649,1.64,1.665,1.66,1.646,1.644,1.257,1.16,1.237,1.247,1.964,1.178,1.198,1.366,1.396,1.061,0.855,0.786,0.799,0.643,0.731,0.558,0.563
CCU,1.616,1.718,1.624,1.638,1.63,1.6,1.57,1.564,1.567,1.308,1.318,1.322,1.364,1.586,1.167,1.215,1.38,1.167,1.096,0.896,0.748,0.891,0.744,0.772,0.552,0.552
CUA,1.628,1.68,1.417,1.397,1.347,1.355,1.378,1.357,1.356,1.527,1.489,1.46,1.563,1.446,1.223,1.223,1.449,1.459,1.296,0.981,0.928,0.876,0.861,0.919,0.732,0.731
UCU,1.723,1.709,1.581,1.591,1.552,1.56,1.527,1.488,1.491,1.369,1.445,1.521,1.432,1.55,1.256,1.271,1.292,1.332,1.305,0.971,0.818,0.921,0.793,0.85,0.703,0.7
GCU,1.688,1.707,1.759,1.789,1.757,1.747,1.761,1.736,1.735,1.493,1.497,1.509,1.521,1.61,1.137,1.237,1.371,1.461,1.198,0.851,0.752,0.829,0.745,0.81,0.607,0.61
AGU,1.659,1.615,1.703,1.709,1.692,1.672,1.673,1.671,1.669,1.476,1.496,1.505,1.542,1.692,1.271,1.231,1.404,1.137,1.339,1.051,0.971,0.959,0.864,0.911,0.699,0.698
CGU,2.037,1.989,2.055,2.083,1.986,1.997,1.967,1.964,1.969,1.115,1.087,1.159,1.157,1.885,1.248,1.148,1.45,1.52,1.252,0.867,0.848,0.824,0.672,0.738,0.502,0.508
GUA,1.644,1.662,1.657,1.684,1.69,1.685,1.686,1.676,1.677,1.555,1.524,1.536,1.58,1.695,1.452,1.492,1.564,1.594,1.348,0.998,0.847,0.865,0.766,0.868,0.663,0.663
AUA,1.497,1.498,1.649,1.647,1.635,1.627,1.622,1.62,1.619,1.56,1.572,1.58,1.571,1.598,1.385,1.31,1.46,1.49,1.298,1.057,1.034,1.04,0.957,1,0.887,0.887
UGU,1.566,1.456,1.772,1.781,1.763,1.747,1.769,1.764,1.767,1.5,1.489,1.6,1.539,1.762,1.31,1.37,1.436,1.436,1.378,1.019,0.917,0.998,0.856,0.918,0.649,0.643
AGA,1.741,1.72,1.671,1.683,1.63,1.625,1.602,1.596,1.598,1.643,1.647,1.708,1.667,1.645,1.341,1.431,1.396,1.416,1.436,1.031,0.932,0.985,0.979,0.977,0.792,0.791
UUA,1.716,1.696,1.695,1.697,1.675,1.67,1.67,1.667,1.667,1.651,1.634,1.661,1.669,1.665,1.356,1.306,1.511,1.581,1.309,0.959,0.921,0.949,0.917,0.924,0.801,0.798
UCA,1.803,1.788,1.791,1.803,1.754,1.733,1.672,1.678,1.678,1.785,1.805,1.816,1.836,1.685,1.286,1.086,1.516,1.546,1.435,0.883,0.757,0.885,0.744,0.804,0.613,0.614
CAU,1.726,1.701,1.745,1.757,1.745,1.723,1.725,1.725,1.725,1.656,1.67,1.681,1.679,1.669,1.388,1.478,1.541,1.581,1.399,1.016,0.875,0.944,0.881,0.906,0.728,0.726
UAU,1.735,1.713,1.836,1.836,1.805,1.798,1.795,1.797,1.797,1.735,1.755,1.778,1.744,1.688,1.308,1.378,1.48,1.388,1.362,0.92,0.82,0.896,0.825,0.848,0.684,0.689
GUU,1.891,1.838,1.659,1.653,1.651,1.642,1.621,1.615,1.616,1.769,1.825,1.825,1.791,1.711,1.37,1.41,1.462,1.522,1.386,1.021,0.919,0.934,0.848,0.905,0.792,0.791
CAA,1.716,1.69,1.75,1.743,1.719,1.713,1.729,1.735,1.736,1.753,1.765,1.785,1.775,1.692,1.306,1.346,1.397,1.427,1.374,1.067,0.975,1.054,0.908,0.979,0.85,0.849
AAU,1.739,1.73,1.767,1.774,1.745,1.739,1.733,1.733,1.732,1.667,1.684,1.705,1.688,1.543,1.37,1.26,1.491,1.571,1.435,1.119,1.009,1.109,1.02,1.041,0.911,0.911
CUU,1.869,1.765,1.937,1.955,1.954,1.953,1.933,1.946,1.948,1.808,1.883,1.952,1.847,1.869,1.351,1.381,1.386,1.446,1.328,0.88,0.716,0.805,0.69,0.723,0.522,0.521
GAU,1.782,1.766,1.764,1.774,1.759,1.778,1.751,1.75,1.75,1.652,1.683,1.703,1.66,1.593,1.406,1.351,1.52,1.53,1.489,1.18,0.999,1.02,0.975,1.027,0.883,0.888
AAA,1.746,1.721,1.662,1.663,1.636,1.635,1.631,1.637,1.637,1.709,1.758,1.777,1.735,1.776,1.413,1.403,1.503,1.533,1.458,1.129,1.09,1.137,1.056,1.129,0.995,0.998
UUU,1.783,1.765,1.699,1.696,1.69,1.691,1.677,1.679,1.679,1.744,1.761,1.776,1.764,1.801,1.545,1.235,1.619,1.649,1.488,1.162,1.134,1.212,1.096,1.18,1.059,1.059
GAA,1.778,1.765,1.734,1.734,1.727,1.73,1.716,1.72,1.72,1.723,1.761,1.763,1.721,1.723,1.477,1.444,1.535,1.605,1.556,1.249,1.208,1.208,1.121,1.149,1.006,1.003
CGA,1.472,1.472,1.619,1.608,1.609,1.579,1.631,1.646,1.635,2.38,2.325,2.333,2.309,1.611,1.444,1.524,1.551,1.571,1.793,1.315,1.187,1.192,1.29,1.233,0.947,0.944
GCA,1.955,1.913,1.753,1.762,1.723,1.73,1.665,1.676,1.673,1.895,1.926,1.94,1.92,1.845,1.762,1.822,1.797,1.897,1.945,1.315,1.296,1.294,1.128,1.203,0.94,0.944
GGA,2.133,2.079,1.877,1.903,1.855,1.821,1.788,1.797,1.796,1.876,1.939,1.945,1.912,1.43,1.656,1.62,1.586,1.616,1.93,1.509,1.308,1.346,1.309,1.317,0.978,0.973
CCA,2.02,1.841,1.963,1.962,1.853,1.847,1.869,1.876,1.878,2.063,2.07,2.119,2.061,1.89,1.62,1.65,1.694,1.774,1.891,1.318,1.201,1.236,1.15,1.182,0.948,0.944
ACA,2.051,1.984,2.253,2.28,2.193,2.182,2.154,2.155,2.156,2.111,2.165,2.209,2.156,2.001,1.704,1.704,1.767,1.797,1.866,1.259,1.065,1.227,1.033,1.091,0.773,0.778